codigo,setor,preco,liquidez,dividendo,dividend_yield,dividend_yield_3,dividend_yield_6,dividend_yield_12,dividend_yield_media_3,dividend_yield_media_6,dividend_yield_media_12,dividend_yield_ano,variacao,rentabilidade_periodo,rentabilidade_acumulada,patrimonio_liquido,VPA,P/VPA,dividend_yield_patrimonial,variacao_patrimonial,rentabilidade_patrimonial_periodo,rentabilidade_patrimonial_acumulada,vacancia_fisica,vacancia_financeira,quantidade_ativos
FIVN11,Shoppings,2.10,7277.0,"R$ 0,00",0.00,0.00,0.00,0.00,0.00,0.00,0.00,N/A,"0,00%","0,00%","0,00%","R$ 65.678.487,99","R$ 6,98",0.30,N/A,N/A,N/A,N/A,"56,00%",N/A,1
BZLI11,Títulos e Val. Mob.,14.70,44041.0,"R$ 0,00",0.00,0.00,0.00,0.00,0.00,0.00,0.00,0.00,"0,68%","0,68%","1,14%","R$ 431.325.803,06","R$ 10,67",1.38,N/A,N/A,N/A,N/A,N/A,N/A,0
XTED11,Lajes Corporativas,6.08,167.0,"R$ 0,00",0.00,0.00,0.00,0.00,0.00,0.00,0.00,0.00,"1,10%","1,10%","-37,83%","R$ 27.305.951,24","R$ 13,89",0.44,N/A,N/A,N/A,N/A,"0,00%","100,00%",1
ALMI11,Lajes Corporativas,891.00,14.0,"R$ 0,00",0.00,0.00,0.00,0.00,0.00,0.00,0.00,0.00,"2,27%","2,27%","-28,29%","R$ 249.632.973,43","R$ 2.245,37",0.40,N/A,N/A,N/A,N/A,"64,05%",N/A,1
PABY11,Híbrido,8.51,949.0,"R$ 0,00",0.00,0.00,0.00,0.00,0.00,0.00,0.00,0.00,"-19,84%","-19,84%","-31,62%","R$ -9.870.075,03","R$ -13,01",-0.65,N/A,N/A,N/A,N/A,N/A,N/A,1
ORPD11,Títulos e Val. Mob.,93.00,3.0,"R$ 1,38",N/A,N/A,N/A,N/A,N/A,N/A,N/A,N/A,N/A,N/A,N/A,"R$ 43.611.089,33","R$ 150,38",0.62,N/A,N/A,N/A,N/A,N/A,N/A,0
FISC11,Lajes Corporativas,165.00,200.0,"R$ 0,22",0.00,0.00,0.00,0.00,0.00,0.00,0.00,N/A,"0,00%","0,00%","0,00%","R$ 194.682.613,92","R$ 114,52",1.44,N/A,N/A,N/A,N/A,N/A,N/A,0
NSLU11,Hospital,142.36,1364.0,"R$ 1,54",0.76,2.26,4.94,9.49,0.75,0.82,0.79,0.76,"0,00%","0,76%","0,76%","R$ 238.028.433,66","R$ 207,92",0.68,N/A,N/A,N/A,N/A,"0,00%",N/A,1
ATSA11,Shoppings,88.70,1.0,"R$ 0,25",0.18,0.59,1.30,2.97,0.20,0.22,0.25,0.37,"0,74%","0,92%","1,10%","R$ 156.611.749,64","R$ 89,43",0.99,N/A,N/A,N/A,N/A,"21,90%",N/A,1
CXTL11,Logística,306.00,10.0,"R$ 0,48",0.16,0.67,1.29,0.00,0.22,0.22,0.00,0.42,"-6,12%","-5,97%","-5,73%","R$ 37.052.587,58","R$ 691,32",0.44,N/A,N/A,N/A,N/A,"61,00%",N/A,3
HTMX11,Hotel,86.39,1350.0,"R$ 0,00",0.00,0.80,2.20,5.41,0.27,0.37,0.45,0.80,"-28,14%","-28,14%","-32,26%","R$ 161.857.438,79","R$ 128,76",0.67,N/A,N/A,N/A,N/A,"65,00%",N/A,23
GSFI11,Shoppings,4.48,18307.0,"R$ 0,00",0.03,0.03,0.03,0.03,0.01,0.00,0.00,0.03,"0,00%","0,03%","0,03%","R$ 995.889.943,51","R$ 13,24",0.34,N/A,N/A,N/A,N/A,"10,30%",N/A,10
NEWU11,Lajes Corporativas,34.14,117.0,"R$ 0,00",0.00,0.00,0.56,16.63,0.00,0.09,1.39,0.61,"-4,04%","-4,04%","-31,62%","R$ 48.127.462,03","R$ 64,86",0.53,N/A,N/A,N/A,N/A,"63,20%",N/A,3
PRSV11,Lajes Corporativas,96.00,52.0,"R$ 1,62",0.42,1.53,2.91,5.95,0.51,0.48,0.50,4.46,"5,30%","5,74%","-11,25%","R$ 47.185.757,76","R$ 241,98",0.40,N/A,N/A,N/A,N/A,"40,90%",N/A,2
FAMB11B,Lajes Corporativas,812.65,34.0,"R$ 9,16",0.56,2.17,4.78,10.43,0.72,0.80,0.87,8.82,"-47,80%","-47,51%","-47,80%","R$ 325.344.682,76","R$ 3.104,43",0.26,N/A,N/A,N/A,N/A,"100,00%",N/A,1
FMOF11,Lajes Corporativas,62.01,10.0,"R$ 0,64",N/A,N/A,N/A,N/A,N/A,N/A,N/A,N/A,N/A,N/A,N/A,"R$ 62.419.181,77","R$ 122,87",0.50,N/A,N/A,N/A,N/A,"52,08%",N/A,1
HGRS11,Residencial,N/A,N/A,"R$ 0,00",0.00,0.00,0.00,0.00,0.00,0.00,0.00,N/A,"0,00%","0,00%","0,00%","R$ 106.768.714,01","R$ 89,39",N/A,N/A,N/A,N/A,N/A,N/A,N/A,0
KNRE11,Residencial,0.92,681.0,"R$ 0,00",0.00,0.00,0.00,0.00,0.00,0.00,0.00,0.00,"0,00%","0,00%","0,00%","R$ 22.807.147,50","R$ 1,23",0.75,N/A,N/A,N/A,N/A,N/A,N/A,0
RBDS11,Residencial,3.21,600.0,"R$ 0,00",0.00,0.00,0.00,0.00,0.00,0.00,0.00,0.00,"0,00%","0,00%","0,00%","R$ 3.157.024,21","R$ 24,95",0.13,N/A,N/A,N/A,N/A,N/A,N/A,0
WTSP11B,Híbrido,37.60,17.0,"R$ 0,32",0.76,2.57,4.67,6.85,0.86,0.78,0.57,0.76,"0,00%","0,76%","0,76%","R$ 79.910.289,95","R$ 80,51",0.47,N/A,N/A,N/A,N/A,N/A,N/A,0
OULG11,Outros,42.10,2914.0,"R$ 0,17",0.38,1.14,3.40,8.03,0.38,0.57,0.67,1.50,"3,09%","3,48%","-3,91%","R$ 182.267.031,86","R$ 73,46",0.57,N/A,N/A,N/A,N/A,"0,00%",N/A,2
VXXV11,Outros,885.00,1760.0,"R$ 10,76",N/A,N/A,N/A,N/A,N/A,N/A,N/A,N/A,N/A,N/A,N/A,"R$ 136.389.337,47","R$ 771,53",1.15,N/A,N/A,N/A,N/A,N/A,N/A,0
BICE11,Títulos e Val. Mob.,1000.00,24.0,"R$ 5,40",0.00,0.00,0.00,0.00,0.00,0.00,0.00,N/A,"0,00%","0,00%","0,00%","R$ 13.065.381,45","R$ 965,73",1.04,N/A,N/A,N/A,N/A,N/A,N/A,0
HRDF11,Híbrido,1.17,68.0,"R$ 6,80",N/A,N/A,N/A,N/A,N/A,N/A,N/A,N/A,N/A,N/A,N/A,"R$ 9.859.180,08","R$ 1,30",0.90,N/A,N/A,N/A,N/A,N/A,N/A,0
CJCT11,Lajes Corporativas,81.81,1403.0,"R$ 0,00",N/A,N/A,N/A,N/A,N/A,N/A,N/A,N/A,N/A,N/A,N/A,"R$ 186.073.862,65","R$ 64,83",1.26,N/A,N/A,N/A,N/A,"59,00%",N/A,1
LFTT11,Residencial,98.75,1380.0,"R$ 0,75",N/A,N/A,N/A,N/A,N/A,N/A,N/A,N/A,N/A,N/A,N/A,"R$ 440.544.059,78","R$ 60,31",1.64,N/A,N/A,N/A,N/A,N/A,N/A,0
HCRI11,Hospital,216.76,134.0,"R$ 2,49",0.88,2.36,4.77,9.33,0.79,0.80,0.78,1.62,"-18,08%","-17,35%","-16,74%","R$ 51.810.193,32","R$ 259,05",0.84,N/A,N/A,N/A,N/A,"0,00%",N/A,1
DRIT11B,Lajes Corporativas,87.01,2.0,"R$ 0,33",0.28,0.80,0.00,0.00,0.27,0.00,0.00,1.28,"5,78%","6,07%","-7,42%","R$ 58.097.475,43","R$ 125,41",0.69,N/A,N/A,N/A,N/A,"10,47%",N/A,6
CTXT11,Lajes Corporativas,13.85,126.0,"R$ 0,09",0.39,0.78,1.36,5.53,0.26,0.23,0.46,1.36,"-2,58%","-2,20%","-39,31%","R$ 117.762.540,94","R$ 40,57",0.34,N/A,N/A,N/A,N/A,"97,00%",N/A,1
GESE11B,Outros,1520.00,300.0,"R$ 12,60",0.00,0.00,0.00,0.00,0.00,0.00,0.00,N/A,"0,00%","0,00%","0,00%","R$ 86.540.717,02","R$ 1.664,24",0.91,N/A,N/A,N/A,N/A,N/A,N/A,0
SRVD11,Títulos e Val. Mob.,8.38,43.0,"R$ 0,10",1.01,0.00,0.00,0.00,0.00,0.00,0.00,1.01,"0,00%","1,01%","1,01%","R$ 71.878.054,17","R$ 0,75",11.23,N/A,N/A,N/A,N/A,N/A,N/A,0
RBIR11,Residencial,63.00,350.0,"R$ 0,00",0.00,0.00,0.00,0.00,0.00,0.00,0.00,0.00,"0,00%","0,00%","0,00%","R$ 147.080.116,11","R$ 96,22",0.65,N/A,N/A,N/A,N/A,N/A,N/A,0
CARE11,Híbrido,4.16,2186.0,"R$ 0,00",0.23,0.66,1.36,1.60,0.22,0.23,0.13,1.36,"-2,63%","-2,41%","5,65%","R$ 293.685.366,89","R$ 8,21",0.51,N/A,N/A,N/A,N/A,N/A,N/A,0
CXAG11,Outros,75.70,1062.0,"R$ 0,75",0.96,0.00,0.00,0.00,0.00,0.00,0.00,2.90,"0,65%","1,62%","6,33%","R$ 214.253.899,43","R$ 102,48",0.74,"0,73%","0,02%","0,75%","2,16%",N/A,N/A,0
NVHO11,Hospital,10.80,55.0,"R$ 0,08",0.67,1.97,3.50,6.87,0.66,0.58,0.57,2.18,"1,67%","2,35%","4,34%","R$ 527.581.196,04","R$ 12,71",0.85,N/A,N/A,N/A,N/A,N/A,N/A,1
KINP11,Residencial,13.00,2476.0,"R$ 0,37",2.90,7.33,0.00,0.00,2.44,0.00,0.00,9.82,"0,00%","2,90%","0,75%","R$ 49.695.162,91","R$ 6,95",1.87,N/A,N/A,N/A,N/A,N/A,N/A,0
VJFD11,Híbrido,N/A,N/A,"R$ 0,86",0.00,0.00,0.00,0.00,0.00,0.00,0.00,N/A,"0,00%","0,00%","0,00%","R$ 646.609.198,61","R$ 132,61",N/A,N/A,N/A,N/A,N/A,N/A,N/A,0
RBGS11,Shoppings,28.45,5157.0,"R$ 0,18",0.62,1.59,2.73,5.12,0.53,0.46,0.43,5.12,"-1,90%","-1,29%","-28,71%","R$ 97.865.283,71","R$ 90,78",0.31,"0,18%","0,00%","0,18%","1,17%","13,00%",N/A,1
YUFI11B,Residencial,N/A,N/A,"R$ 0,60",0.00,0.00,0.00,0.00,0.00,0.00,0.00,N/A,"0,00%","0,00%","0,00%","R$ 41.106.356,80","R$ 104,03",N/A,"0,58%","-0,28%","0,29%","2,72%",N/A,N/A,0
QAGR11,Outros,46.72,14250.0,"R$ 0,40",0.84,2.44,4.74,9.23,0.81,0.79,0.77,3.21,"0,55%","1,39%","-1,48%","R$ 300.831.716,41","R$ 59,69",0.78,"0,65%","-0,03%","0,62%","1,87%",N/A,N/A,12
RBLG11,Logística,86.90,17.0,"R$ 0,80",0.92,2.73,5.45,9.72,0.91,0.91,0.81,3.65,"-0,34%","0,57%","3,50%","R$ 66.897.594,99","R$ 104,50",0.83,"0,77%","1,72%","2,50%","3,30%","0,00%",N/A,1
CRFF11,Títulos e Val. Mob.,65.82,212.0,"R$ 0,59",0.90,2.54,4.79,8.16,0.85,0.80,0.68,4.04,"0,61%","1,51%","-1,27%","R$ 59.827.386,69","R$ 86,70",0.76,"0,68%","-0,61%","0,06%","4,39%",N/A,N/A,0
CXRI11,Híbrido,63.28,9139.0,"R$ 0,55",0.86,2.47,4.80,8.37,0.82,0.80,0.70,4.00,"-0,17%","0,69%","-3,72%","R$ 132.926.744,20","R$ 84,36",0.75,"0,65%","-1,18%","-0,53%","2,62%",N/A,N/A,0
GGRC11,Logística,109.20,13223.0,"R$ 0,93",0.85,2.49,4.77,9.05,0.83,0.80,0.75,4.05,"-0,46%","0,38%","-2,35%","R$ 1.012.027.467,97","R$ 130,44",0.84,"0,71%","-0,06%","0,65%","2,17%","0,00%","0,00%",15
BREV11,Híbrido,94.00,1.0,"R$ 0,54",0.57,1.76,3.48,6.75,0.59,0.58,0.56,2.92,"-1,47%","-0,90%","1,35%","R$ 106.285.979,32","R$ 109,89",0.86,"0,49%","0,03%","0,53%","2,61%","0,00%",N/A,12
FLMA11,Híbrido,111.50,4704.0,"R$ 0,80",0.68,1.99,3.85,6.30,0.66,0.64,0.53,3.18,"-1,20%","-0,52%","2,26%","R$ 216.770.187,37","R$ 157,00",0.71,"0,51%","0,05%","0,56%","2,64%","11,00%",N/A,2
SCPF11,Shoppings,4.92,345.0,"R$ 0,01",0.23,0.60,1.78,2.90,0.20,0.30,0.24,1.39,"-6,69%","-6,47%","-25,26%","R$ 52.451.827,63","R$ 12,49",0.39,"0,11%","0,12%","0,23%","0,77%","29,30%",N/A,1
FATN11,Híbrido,98.20,219.0,"R$ 0,83",0.85,2.49,4.83,8.97,0.83,0.80,0.75,4.03,"-1,36%","-0,52%","-0,49%","R$ 99.158.182,73","R$ 100,72",0.97,"0,79%","0,07%","0,87%","1,87%","4,30%",N/A,7
BIME11,N/A,9.43,18519.0,"R$ 0,15",1.54,4.29,7.54,0.00,1.43,1.26,0.00,6.48,"1,14%","2,69%","7,53%","R$ 55.313.386,31","R$ 9,46",1.00,"1,59%","-0,49%","1,09%","4,17%",N/A,N/A,0
BLMR11,Títulos e Val. Mob.,7.02,108167.0,"R$ 0,08",1.01,3.05,6.03,11.12,1.02,1.01,0.93,4.99,"-0,13%","0,87%","-2,28%","R$ 211.636.911,87","R$ 8,29",0.85,"0,91%","-1,13%","-0,23%","2,35%",N/A,N/A,0
MAXR11,Outros,77.75,1466.0,"R$ 0,65",0.79,2.55,4.55,9.91,0.85,0.76,0.83,2.91,"3,32%","4,14%","3,37%","R$ 135.414.523,06","R$ 120,30",0.65,"0,67%","0,08%","0,75%","1,52%","2,80%",N/A,8
JRDM11,Shoppings,77.31,297.0,"R$ 0,36",0.47,1.72,4.29,6.83,0.57,0.71,0.57,2.26,"0,63%","1,10%","5,14%","R$ 220.883.480,71","R$ 87,55",0.88,N/A,N/A,N/A,N/A,"2,77%",N/A,1
BRCR11,Híbrido,61.89,15838.0,"R$ 0,47",0.70,2.14,4.29,8.13,0.71,0.71,0.68,2.87,"-1,18%","-0,49%","1,70%","R$ 2.792.344.880,24","R$ 104,82",0.59,"0,48%","-0,61%","-0,13%","0,34%","21,00%","25,80%",15
NCHB11,Títulos e Val. Mob.,95.75,3399.0,"R$ 1,54",1.57,3.07,6.87,13.12,1.02,1.15,1.09,5.87,"0,00%","1,57%","5,43%","R$ 138.440.850,85","R$ 95,28",1.00,"1,47%","0,45%","1,93%","3,33%",N/A,N/A,0
GCRA11,Híbrido,102.00,3854.0,"R$ 1,58",1.52,4.40,0.00,0.00,1.47,0.00,0.00,5.47,"-1,92%","-0,42%","5,51%","R$ 71.254.839,01","R$ 98,61",1.03,"1,60%","0,02%","1,62%","6,40%",N/A,N/A,0
VSLH11,Outros,9.14,99564.0,"R$ 0,12",1.29,3.68,7.29,15.01,1.23,1.22,1.25,6.07,"-0,64%","0,64%","1,20%","R$ 309.775.483,06","R$ 10,37",0.88,"1,16%","2,16%","3,34%","10,96%",N/A,N/A,0
TORD11,Outros,8.76,55985.0,"R$ 0,07",0.75,2.70,5.22,11.13,0.90,0.87,0.93,4.39,"0,97%","1,73%","1,33%","R$ 500.070.556,28","R$ 14,27",0.61,"0,49%","7,23%","7,75%","9,09%",N/A,N/A,0
SEQR11,Outros,63.35,1088.0,"R$ 0,63",1.00,2.87,5.47,10.48,0.96,0.91,0.87,4.64,"-3,05%","-2,08%","-8,62%","R$ 154.636.386,60","R$ 96,13",0.66,"0,65%","-0,05%","0,60%","3,38%","0,00%",N/A,0
FAED11,Outros,138.30,248.0,"R$ 1,54",1.05,3.20,5.80,10.43,1.07,0.97,0.87,4.97,"1,48%","2,54%","6,76%","R$ 138.823.482,78","R$ 216,18",0.64,"0,71%","-0,01%","0,70%","1,30%","0,00%",N/A,3
CEOC11,Lajes Corporativas,60.00,2164.0,"R$ 0,49",0.81,2.39,4.82,9.24,0.80,0.80,0.77,4.09,"-1,50%","-0,70%","10,74%","R$ 164.007.871,01","R$ 90,33",0.66,"0,55%","-0,15%","0,40%","0,92%","0,00%",N/A,1
BTCR11,Títulos e Val. Mob.,95.82,12590.0,"R$ 1,25",1.29,3.90,7.22,12.25,1.30,1.20,1.02,6.24,"0,08%","1,38%","11,46%","R$ 464.617.244,40","R$ 96,59",0.99,"1,29%","0,77%","2,07%","1,73%",N/A,N/A,0
FEXC11,Títulos e Val. Mob.,86.80,9204.0,"R$ 1,15",1.28,3.63,6.90,12.11,1.21,1.15,1.01,5.85,"-1,52%","-0,26%","7,35%","R$ 570.742.091,11","R$ 93,51",0.93,"1,23%","-0,17%","1,06%","4,78%",N/A,N/A,0
MGFF11,Títulos e Val. Mob.,58.80,39212.0,"R$ 0,60",0.95,2.86,5.47,9.91,0.95,0.91,0.83,4.62,"1,25%","2,21%","5,17%","R$ 688.916.761,45","R$ 76,12",0.77,"0,72%","-2,28%","-1,58%","-0,88%",N/A,N/A,0
HCTR11,Outros,113.55,50885.0,"R$ 1,77",1.54,4.36,8.05,15.62,1.45,1.34,1.30,6.79,"8,47%","10,14%","-1,50%","R$ 2.671.651.053,42","R$ 120,98",0.94,"1,46%","1,01%","2,49%","9,83%",N/A,N/A,0
BCFF11,Títulos e Val. Mob.,63.39,32102.0,"R$ 0,54",0.85,2.44,4.77,8.78,0.81,0.79,0.73,4.00,"-4,55%","-3,74%","-7,42%","R$ 1.971.239.952,12","R$ 78,27",0.81,"0,69%","-0,23%","0,46%","1,15%",N/A,N/A,0
DEVA11,Títulos e Val. Mob.,99.51,38893.0,"R$ 1,60",1.60,4.34,8.02,15.73,1.45,1.34,1.31,6.71,"2,36%","4,00%","3,05%","R$ 1.363.604.754,65","R$ 98,06",1.01,"1,63%","0,83%","2,47%","8,56%",N/A,N/A,0
BLMG11,Logística,79.00,14239.0,"R$ 0,80",0.96,2.84,5.56,11.11,0.95,0.93,0.93,4.59,"-2,22%","-1,28%","-7,58%","R$ 360.918.215,84","R$ 94,71",0.83,"0,84%","-2,04%","-1,21%","-3,03%","0,00%","0,00%",4
BMLC11,Lajes Corporativas,97.05,24.0,"R$ 0,74",0.78,2.27,4.61,8.70,0.76,0.77,0.73,3.57,"3,37%","4,18%","8,24%","R$ 109.078.796,98","R$ 109,25",0.89,"0,58%","-0,01%","0,57%","1,08%","7,00%",N/A,2
RBRP11,Outros,57.30,19206.0,"R$ 0,45",0.71,2.20,4.14,7.55,0.73,0.69,0.63,3.49,"0,81%","1,53%","-6,64%","R$ 1.000.575.637,38","R$ 82,15",0.70,"0,55%","-0,35%","0,20%","1,22%","13,00%","6,00%",17
RECR11,Títulos e Val. Mob.,100.00,78913.0,"R$ 1,72",1.69,4.53,8.19,14.76,1.51,1.36,1.23,6.75,"1,98%","3,70%","6,10%","R$ 2.310.672.803,11","R$ 95,25",1.05,"1,81%","-0,05%","1,76%","7,19%",N/A,N/A,0
GTLG11,N/A,99.95,3.0,"R$ 0,70",0.70,2.10,4.21,0.00,0.70,0.70,0.00,3.51,"0,00%","0,70%","5,13%","R$ 675.663.743,88","R$ 94,20",1.06,"0,74%","-1,52%","-0,79%","-0,28%",N/A,N/A,0
DVFF11,Híbrido,72.00,6067.0,"R$ 0,80",1.14,3.17,5.54,0.00,1.06,0.92,0.00,4.81,"0,09%","1,23%","-16,45%","R$ 101.357.430,47","R$ 92,06",0.78,"0,87%","-0,07%","0,79%","4,20%",N/A,N/A,0
ONEF11,Lajes Corporativas,162.12,144.0,"R$ 0,92",0.58,1.75,3.59,6.67,0.58,0.60,0.56,3.59,"0,47%","1,05%","20,18%","R$ 159.240.183,47","R$ 174,80",0.93,"0,53%","0,01%","0,54%","2,60%","0,00%",N/A,1
MBRF11,Outros,515.22,59.0,"R$ 10,00",1.82,4.56,8.50,14.55,1.52,1.42,1.21,8.50,"-21,64%","-20,22%","-24,74%","R$ 113.735.279,34","R$ 1.118,74",0.46,"0,89%","0,02%","0,91%","4,60%","0,00%",N/A,2
MGLG11,Logística,45.73,2308.0,"R$ 0,60",1.27,3.60,6.53,0.00,1.20,1.09,0.00,5.92,"-7,85%","-6,68%","-7,74%","R$ 57.395.561,83","R$ 48,19",0.95,"1,25%","0,06%","1,31%","-39,40%","0,00%",N/A,3
RBRL11,Logística,84.94,7876.0,"R$ 0,65",0.74,2.21,4.47,9.05,0.74,0.74,0.75,3.56,"0,87%","1,62%","-0,61%","R$ 717.331.281,51","R$ 107,27",0.79,"0,61%","0,68%","1,29%","3,62%","0,00%","0,00%",6
RECT11,Híbrido,57.40,8331.0,"R$ 0,50",0.85,2.41,4.66,8.99,0.80,0.78,0.75,3.90,"-5,45%","-4,64%","-12,35%","R$ 789.124.446,38","R$ 96,48",0.59,"0,52%","-0,35%","0,17%","1,39%","15,10%",N/A,8
RELG11,Híbrido,74.18,6111.0,"R$ 0,97",1.26,3.42,6.17,11.67,1.14,1.03,0.97,5.17,"3,62%","4,93%","0,60%","R$ 160.923.032,64","R$ 120,58",0.62,"0,80%","-0,39%","0,41%","2,40%","10,40%","10,40%",3
FLCR11,Títulos e Val. Mob.,99.99,1094.0,"R$ 1,75",1.75,4.72,8.93,15.24,1.57,1.49,1.27,7.21,"1,52%","3,30%","7,91%","R$ 65.942.593,31","R$ 104,08",0.96,"1,68%","3,04%","4,78%","7,99%",N/A,N/A,0
ERPA11,N/A,126.50,1.0,"R$ 0,28",0.22,0.00,0.00,0.00,0.00,0.00,0.00,0.46,"-0,30%","-0,08%","0,16%","R$ 57.806.170,89","R$ 115,40",1.10,"0,20%","0,24%","0,43%","0,43%",N/A,N/A,0
RCRB11,Lajes Corporativas,126.18,2327.0,"R$ 0,72",0.56,1.48,2.76,6.45,0.49,0.46,0.54,2.76,"2,90%","3,48%","1,86%","R$ 719.897.351,60","R$ 195,06",0.65,"0,31%","0,07%","0,38%","0,65%","28,40%",N/A,10
BLCA11,Lajes Corporativas,95.00,37.0,"R$ 0,51",0.51,1.54,2.05,0.00,0.51,0.34,0.00,2.05,"-0,52%","-0,01%","2,58%","R$ 153.292.044,08","R$ 95,81",0.99,"0,53%","-1,68%","-1,16%","-9,51%","0,00%",N/A,1
CPFF11,Híbrido,69.04,11658.0,"R$ 0,62",0.88,2.57,5.32,10.45,0.86,0.89,0.87,4.45,"-1,14%","-0,27%","2,46%","R$ 421.166.070,61","R$ 77,28",0.89,"0,78%","-0,84%","-0,07%","0,84%",N/A,N/A,0
RVBI11,Títulos e Val. Mob.,74.75,3851.0,"R$ 0,75",0.98,2.89,5.66,10.88,0.96,0.94,0.91,4.76,"-0,84%","0,13%","-0,90%","R$ 126.004.830,90","R$ 87,50",0.85,"0,86%","0,00%","0,86%","4,10%",N/A,N/A,0
GAME11,Híbrido,10.02,107650.0,"R$ 0,15",1.49,4.13,7.33,0.00,1.38,1.22,0.00,6.29,"-0,69%","0,79%","-1,98%","R$ 203.773.668,14","R$ 9,89",1.01,"1,52%","0,12%","1,64%","-98,91%",N/A,N/A,0
IBCR11,Títulos e Val. Mob.,92.25,1860.0,"R$ 1,32",1.39,4.14,8.78,0.00,1.38,1.46,0.00,7.23,"-3,06%","-1,71%","5,29%","R$ 78.895.736,60","R$ 98,26",0.94,"1,24%","0,48%","1,72%","6,62%",N/A,N/A,0
RBRY11,Títulos e Val. Mob.,100.86,34436.0,"R$ 1,25",1.22,3.64,7.09,12.58,1.21,1.18,1.05,5.82,"-2,05%","-0,86%","1,56%","R$ 401.515.245,72","R$ 102,43",0.98,"1,22%","-0,88%","0,33%","2,29%",N/A,N/A,0
RBRF11,Títulos e Val. Mob.,67.91,22943.0,"R$ 0,60",0.83,2.46,4.94,9.65,0.82,0.82,0.80,4.13,"1,24%","2,08%","4,29%","R$ 1.149.405.774,49","R$ 84,02",0.81,"0,71%","-1,84%","-1,14%","-0,44%",N/A,N/A,0
RBRR11,Títulos e Val. Mob.,100.80,25417.0,"R$ 1,20",1.19,3.52,6.74,12.07,1.17,1.12,1.01,5.66,"-2,56%","-1,40%","3,58%","R$ 1.046.711.585,04","R$ 96,56",1.04,"1,24%","-2,21%","-0,99%","1,34%",N/A,N/A,0
IRDM11,Títulos e Val. Mob.,101.90,72372.0,"R$ 1,35",1.28,3.53,6.97,12.95,1.18,1.16,1.08,5.65,"-0,28%","0,99%","1,64%","R$ 3.202.717.504,66","R$ 96,92",1.05,"1,22%","-0,19%","1,03%","2,16%",N/A,N/A,0
IBFF11,Títulos e Val. Mob.,60.62,3460.0,"R$ 0,50",0.80,2.51,5.05,9.84,0.84,0.84,0.82,4.22,"6,39%","7,25%","9,72%","R$ 48.361.846,89","R$ 72,54",0.84,"0,69%","-1,95%","-1,28%","-0,61%",N/A,N/A,0
IRIM11,Híbrido,102.89,5620.0,"R$ 1,45",1.40,3.79,8.04,0.00,1.26,1.34,0.00,6.72,"-5,23%","-3,91%","0,30%","R$ 130.503.385,72","R$ 100,39",1.02,"1,14%","-0,40%","0,73%","2,13%",N/A,N/A,0
CVBI11,Títulos e Val. Mob.,99.50,32570.0,"R$ 1,50",1.48,4.04,7.34,13.51,1.35,1.22,1.13,6.24,"0,21%","1,69%","5,91%","R$ 1.052.112.121,61","R$ 100,05",0.99,"1,50%","0,22%","1,72%","6,64%",N/A,N/A,0
VGIP11,Outros,98.39,39023.0,"R$ 1,75",1.75,4.64,8.70,15.87,1.55,1.45,1.32,7.10,"0,81%","2,57%","6,59%","R$ 1.095.538.563,59","R$ 92,91",1.06,"1,88%","-0,69%","1,18%","5,09%",N/A,N/A,0
VGIA11,Títulos e Val. Mob.,9.99,257235.0,"R$ 0,15",1.35,4.14,0.00,0.00,1.38,0.00,0.00,6.70,"3,53%","4,93%","12,33%","R$ 95.747.517,22","R$ 9,51",1.05,"1,58%","0,07%","1,65%","3,04%",N/A,N/A,0
VGIR11,Títulos e Val. Mob.,98.00,19680.0,"R$ 1,30",1.31,3.69,6.88,11.17,1.23,1.15,0.93,5.96,"-0,97%","0,33%","3,37%","R$ 729.972.953,61","R$ 96,42",1.02,"1,35%","-0,19%","1,15%","4,42%",N/A,N/A,0
MGHT11,Hotel,70.65,760.0,"R$ 0,80",1.20,3.18,5.92,10.37,1.06,0.99,0.86,5.03,"-15,97%","-14,96%","-20,63%","R$ 129.777.732,57","R$ 98,78",0.72,"0,81%","0,18%","0,99%","1,81%",N/A,N/A,0
MCHF11,Títulos e Val. Mob.,9.40,283281.0,"R$ 0,11",1.15,3.35,6.70,0.00,1.12,1.12,0.00,5.51,"-3,52%","-2,42%","-0,20%","R$ 315.930.781,84","R$ 9,78",0.96,"1,12%","-4,38%","-3,30%","-2,26%",N/A,N/A,0
TRNT11,Lajes Corporativas,112.07,56.0,"R$ 0,40",0.34,1.10,2.35,4.27,0.37,0.39,0.36,1.80,"8,35%","8,72%","10,47%","R$ 796.806.635,95","R$ 202,46",0.55,"0,19%","0,01%","0,20%","0,39%","49,90%",N/A,1
MCCI11,Títulos e Val. Mob.,97.80,39369.0,"R$ 1,10",1.12,3.11,6.06,11.95,1.04,1.01,1.00,5.09,"-1,59%","-0,49%","2,11%","R$ 1.210.958.902,24","R$ 97,52",1.00,"1,03%","0,73%","1,76%","2,81%",N/A,N/A,0
CPTS11,Títulos e Val. Mob.,90.84,68768.0,"R$ 1,12",1.19,3.49,6.89,12.95,1.16,1.15,1.08,5.76,"0,35%","1,54%","2,61%","R$ 2.612.266.966,14","R$ 93,39",0.97,"1,18%","-0,58%","0,59%","1,77%",N/A,N/A,0
BRLA11,Híbrido,150.00,20300.0,"R$ 1,06",0.70,2.17,4.19,5.50,0.72,0.70,0.46,3.49,"3,45%","4,18%","3,54%","R$ 285.260.278,84","R$ 159,29",0.94,"0,66%","-0,38%","0,28%","0,89%",N/A,N/A,0
GCFF11,Títulos e Val. Mob.,70.51,1347.0,"R$ 0,77",1.04,3.09,6.07,11.25,1.03,1.01,0.94,5.03,"1,23%","2,28%","-3,36%","R$ 30.096.700,62","R$ 88,89",0.79,"0,88%","-2,44%","-1,58%","-0,77%",N/A,N/A,0
GCRI11,Títulos e Val. Mob.,97.94,950.0,"R$ 1,55",1.56,4.55,8.58,14.82,1.52,1.43,1.24,7.19,"-0,39%","1,16%","8,48%","R$ 98.377.736,44","R$ 98,35",1.00,"1,50%","-1,03%","0,46%","1,67%",N/A,N/A,0
MORE11,Títulos e Val. Mob.,64.80,4259.0,"R$ 0,70",1.05,3.06,5.83,10.80,1.02,0.97,0.90,4.92,"-1,31%","-0,28%","-7,97%","R$ 202.952.841,10","R$ 87,51",0.74,"0,80%","-2,21%","-1,43%","-0,66%",N/A,N/A,0
BLCP11,Outros,85.99,1.0,"R$ 0,50",0.57,1.75,3.62,6.70,0.58,0.60,0.56,3.00,"1,49%","2,07%","12,41%","R$ 225.875.176,13","R$ 98,37",0.87,"0,52%","-0,01%","0,51%","1,03%","6,20%",N/A,2
NAVT11,Títulos e Val. Mob.,73.29,738.0,"R$ 0,85",1.14,3.44,6.31,10.78,1.15,1.05,0.90,5.51,"1,84%","3,00%","7,93%","R$ 95.026.051,40","R$ 90,11",0.81,"0,94%","-0,93%","0,00%","0,82%",N/A,N/A,0
MGCR11,Títulos e Val. Mob.,85.06,3996.0,"R$ 1,15",1.32,3.80,7.23,12.79,1.27,1.20,1.07,6.09,"-0,88%","0,43%","4,88%","R$ 135.199.801,61","R$ 95,06",0.89,"1,05%","-0,02%","1,04%","2,10%",N/A,N/A,0
RECX11,Outros,79.99,62.0,"R$ 1,00",1.23,2.97,6.31,12.01,0.99,1.05,1.00,5.18,"1,72%","2,97%","-9,99%","R$ 18.909.897,31","R$ 86,62",0.92,"0,92%","-1,55%","-0,64%","0,48%",N/A,N/A,0
AFHI11,Títulos e Val. Mob.,99.80,10027.0,"R$ 1,40",1.37,4.03,7.86,14.40,1.34,1.31,1.20,6.58,"2,95%","4,36%","6,95%","R$ 173.824.946,40","R$ 97,24",1.03,"1,39%","0,44%","1,83%","3,20%",N/A,N/A,0
OUFF11,Títulos e Val. Mob.,63.42,4245.0,"R$ 0,75",1.15,3.28,6.30,11.68,1.09,1.05,0.97,5.36,"0,63%","1,78%","5,49%","R$ 143.370.322,13","R$ 79,02",0.80,"0,95%","-0,77%","0,18%","3,67%",N/A,N/A,0
OURE11,Títulos e Val. Mob.,79.69,1624.0,"R$ 1,10",1.37,3.66,6.83,13.45,1.22,1.14,1.12,5.50,"0,48%","1,85%","-1,83%","R$ 99.331.744,57","R$ 92,22",0.86,"1,19%","-0,42%","0,76%","4,71%",N/A,N/A,0
ARCT11,Híbrido,106.99,23316.0,"R$ 1,86",1.71,5.15,9.60,16.40,1.72,1.60,1.37,8.03,"2,79%","4,55%","7,79%","R$ 288.419.391,70","R$ 100,20",1.07,"1,64%","0,23%","1,87%","3,40%",N/A,N/A,4
RZAK11,Títulos e Val. Mob.,96.61,20283.0,"R$ 1,80",1.84,4.88,9.04,14.86,1.63,1.51,1.24,7.64,"-0,50%","1,33%","10,94%","R$ 282.821.145,09","R$ 94,22",1.03,"1,27%","0,35%","1,63%","3,03%",N/A,N/A,0
BLMC11,Outros,89.89,4010.0,"R$ 1,25",1.36,3.78,7.14,12.99,1.26,1.19,1.08,6.02,"-4,16%","-2,85%","-0,55%","R$ 39.216.529,56","R$ 98,16",0.92,"1,17%","1,29%","2,48%","0,96%",N/A,N/A,0
CORM11,Híbrido,89.00,6.0,"R$ 0,81",0.94,2.68,5.43,11.56,0.89,0.90,0.96,4.38,"-6,72%","-5,84%","-5,63%","R$ 92.123.992,72","R$ 90,56",0.98,"0,89%","-2,33%","-1,45%","0,21%",N/A,N/A,0
AFOF11,Títulos e Val. Mob.,92.00,2459.0,"R$ 1,08",1.19,3.53,6.65,0.00,1.18,1.11,0.00,5.67,"2,14%","3,35%","6,84%","R$ 69.242.339,50","R$ 100,18",0.92,"1,08%","-2,09%","-1,04%","4,47%",N/A,N/A,0
MATV11,Títulos e Val. Mob.,99.96,1.0,"R$ 1,40",1.46,3.92,7.58,0.00,1.31,1.26,0.00,6.37,"-0,92%","0,53%","4,37%","R$ 33.257.502,10","R$ 95,77",1.04,"1,36%","-1,92%","-0,59%","0,53%",N/A,N/A,0
SNCI11,Títulos e Val. Mob.,102.68,12382.0,"R$ 1,40",1.34,3.95,7.79,0.00,1.32,1.30,0.00,6.64,"0,77%","2,13%","6,67%","R$ 252.128.060,08","R$ 100,85",1.02,"1,29%","1,92%","3,24%","5,89%",N/A,N/A,0
SNFF11,Títulos e Val. Mob.,88.18,4497.0,"R$ 1,30",1.51,3.02,5.26,9.21,1.01,0.88,0.77,4.55,"3,82%","5,39%","2,14%","R$ 228.274.891,17","R$ 91,31",0.97,"0,71%","-1,06%","-0,35%","0,35%",N/A,N/A,0
BTLG11,Logística,100.00,33341.0,"R$ 0,72",0.71,2.11,4.19,8.22,0.70,0.70,0.69,3.51,"-0,34%","0,36%","2,94%","R$ 1.504.876.179,16","R$ 98,82",1.01,"0,73%","-0,22%","0,51%","1,24%",N/A,"2,00%",16
MCHY11,Títulos e Val. Mob.,110.00,115.0,"R$ 1,40",1.24,3.74,7.18,0.00,1.25,1.20,0.00,6.09,"1,80%","3,06%","8,16%","R$ 375.749.035,93","R$ 104,67",1.05,"1,24%","2,35%","3,62%","4,94%",N/A,N/A,0
XPML11,Shoppings,94.70,26947.0,"R$ 0,68",0.70,2.06,4.30,7.63,0.69,0.72,0.64,3.41,"-0,51%","0,18%","7,04%","R$ 1.892.808.419,44","R$ 101,32",0.93,"0,67%","0,01%","0,68%","1,93%","3,90%",N/A,16
XPIN11,Outros,73.20,9073.0,"R$ 0,61",0.80,2.30,4.44,8.50,0.77,0.74,0.71,3.77,"-2,59%","-1,81%","-7,53%","R$ 777.640.109,45","R$ 108,75",0.67,"0,56%","-0,84%","-0,29%","1,89%","17,30%","12,00%",5
FCFL11,Outros,116.00,647.0,"R$ 0,82",0.70,2.12,4.31,8.46,0.71,0.72,0.70,3.58,"-2,17%","-1,49%","5,69%","R$ 364.002.233,06","R$ 104,78",1.11,"0,82%","0,02%","0,83%","1,63%","0,00%",N/A,1
ALZR11,Logística,116.50,14764.0,"R$ 0,78",0.68,2.01,3.98,7.43,0.67,0.66,0.62,3.33,"-0,73%","-0,06%","2,83%","R$ 642.298.148,70","R$ 108,46",1.07,"0,71%","-0,05%","0,67%","1,34%","0,00%",N/A,15
ERCR11,Híbrido,76000.00,1.0,"R$ 1,17",0.00,0.00,0.00,0.00,0.00,0.00,0.00,N/A,"0,00%","0,00%","0,00%","R$ 167.503.350,23","R$ 70.498,04",1.08,"0,00%","0,26%","0,26%","2,05%",N/A,N/A,0
BPML11,Shoppings,62.70,3682.0,"R$ 0,15",0.23,0.95,2.59,0.00,0.32,0.43,0.00,1.49,"-7,36%","-7,14%","1,82%","R$ 577.298.899,56","R$ 134,10",0.47,N/A,N/A,N/A,N/A,"5,80%",N/A,7
FLRP11,Shoppings,1430.01,19.0,"R$ 11,00",0.85,2.39,4.57,7.32,0.80,0.76,0.61,3.88,"0,00%","0,85%","12,60%","R$ 112.155.668,94","R$ 1.719,34",0.83,"0,64%","-0,05%","0,59%","2,22%","2,01%",N/A,1
BTAL11,Outros,94.62,7809.0,"R$ 0,83",0.84,2.52,5.07,9.81,0.84,0.84,0.82,4.20,"1,77%","2,62%","9,64%","R$ 620.294.632,17","R$ 103,68",0.91,"0,80%","0,51%","1,32%","2,10%",N/A,N/A,7
MORC11,Títulos e Val. Mob.,97.51,1408.0,"R$ 1,50",1.50,4.44,8.29,0.00,1.48,1.38,0.00,7.04,"-2,25%","-0,77%","6,94%","R$ 78.429.486,55","R$ 100,56",0.97,"1,49%","-0,28%","1,21%","2,33%",N/A,N/A,0
CCRF11,Títulos e Val. Mob.,99.50,102.0,"R$ 0,74",0.74,3.21,6.92,0.00,1.07,1.15,0.00,5.62,"-0,10%","0,64%","5,74%","R$ 159.364.709,06","R$ 101,38",0.98,"1,18%","1,36%","2,56%","4,87%",N/A,N/A,0
EQIR11,Títulos e Val. Mob.,94.50,30.0,"R$ 1,10",1.13,3.34,0.00,0.00,1.11,0.00,0.00,5.49,"-2,65%","-1,55%","4,54%","R$ 51.240.359,56","R$ 101,97",0.93,"1,08%","0,33%","1,41%","2,46%",N/A,N/A,0
CNES11,Lajes Corporativas,33.16,6.0,"R$ 0,09",0.27,0.74,1.74,3.59,0.25,0.29,0.30,1.32,"0,29%","0,56%","4,86%","R$ 255.318.975,59","R$ 86,57",0.38,"0,08%","-0,03%","0,05%","0,20%","56,70%",N/A,1
BTRA11,Outros,83.99,5500.0,"R$ 0,70",0.85,2.69,5.48,0.00,0.90,0.91,0.00,4.51,"-19,34%","-18,66%","-12,21%","R$ 347.612.245,52","R$ 103,32",0.81,"0,91%","0,00%","0,91%","2,67%",N/A,N/A,0
EDGA11,Lajes Corporativas,17.92,989.0,"R$ 0,16",0.89,2.49,4.14,7.16,0.83,0.69,0.60,3.76,"-6,88%","-6,05%","-14,31%","R$ 252.351.519,37","R$ 66,20",0.27,"0,26%","-0,06%","0,20%","0,36%","48,81%",N/A,1
RBHG11,Títulos e Val. Mob.,87.40,12210.0,"R$ 1,46",1.67,4.36,7.94,14.91,1.45,1.32,1.24,7.94,"-3,53%","-1,92%","6,34%","R$ 166.795.155,28","R$ 96,55",0.91,"1,35%","0,08%","1,42%","6,10%",N/A,N/A,0
MFII11,Híbrido,95.15,4809.0,"R$ 1,10",1.16,3.34,6.64,13.11,1.11,1.11,1.09,6.64,"-3,11%","-1,99%","-7,80%","R$ 424.973.878,67","R$ 102,48",0.93,"1,07%","-2,15%","-1,10%","-0,68%",N/A,N/A,9
KNCR11,Títulos e Val. Mob.,101.96,54797.0,"R$ 1,05",1.03,3.03,5.66,9.28,1.01,0.94,0.77,5.66,"-0,53%","0,50%","7,98%","R$ 4.036.597.525,47","R$ 101,13",1.01,"1,07%","0,02%","1,09%","4,90%",N/A,N/A,0
QAMI11,Híbrido,92.00,376.0,"R$ 1,35",1.47,4.37,8.01,16.29,1.46,1.33,1.36,8.01,"-1,04%","0,41%","0,62%","R$ 73.056.364,17","R$ 91,16",1.01,"1,35%","0,06%","1,41%","5,39%",N/A,N/A,0
KNSC11,Títulos e Val. Mob.,94.08,39212.0,"R$ 1,09",1.16,3.80,7.26,14.83,1.27,1.21,1.24,7.26,"-0,10%","1,06%","1,66%","R$ 1.187.259.742,46","R$ 89,43",1.05,"1,51%","-0,60%","0,90%","5,56%",N/A,N/A,0
KNIP11,Títulos e Val. Mob.,101.19,176181.0,"R$ 1,50",1.48,4.79,8.48,16.01,1.60,1.41,1.33,8.48,"-1,76%","-0,30%","5,85%","R$ 6.938.900.334,81","R$ 97,55",1.04,"1,74%","-0,12%","1,62%","7,44%",N/A,N/A,0
VRTA11,Títulos e Val. Mob.,97.80,24262.0,"R$ 1,21",1.24,3.66,7.13,13.51,1.22,1.19,1.13,7.13,"-2,14%","-0,93%","-0,01%","R$ 1.266.271.603,58","R$ 96,28",1.02,"1,30%","-0,37%","0,92%","6,66%",N/A,N/A,0
XPPR11,Outros,50.29,25408.0,"R$ 0,35",0.70,2.30,4.56,9.56,0.77,0.76,0.80,4.56,"-7,18%","-6,53%","-17,90%","R$ 565.410.376,25","R$ 77,28",0.65,"0,58%","-1,54%","-0,96%","-2,87%","46,00%","0,00%",4
RBCO11,Lajes Corporativas,39.59,4271.0,"R$ 0,35",0.88,2.66,4.72,9.29,0.89,0.79,0.77,4.72,"6,71%","7,65%","-25,35%","R$ 321.898.927,30","R$ 85,18",0.46,"0,41%","0,11%","0,52%","-13,61%","46,00%","50,00%",4
BPFF11,Títulos e Val. Mob.,63.86,6242.0,"R$ 0,80",1.25,3.41,6.14,11.12,1.14,1.02,0.93,6.14,"-1,84%","-0,61%","-1,18%","R$ 349.434.722,44","R$ 77,78",0.82,"0,96%","-0,59%","0,37%","2,36%",N/A,N/A,0
VGHF11,Títulos e Val. Mob.,10.02,387815.0,"R$ 0,13",1.30,4.01,8.48,16.97,1.34,1.41,1.41,8.48,"2,14%","3,47%","5,93%","R$ 608.979.159,27","R$ 9,36",1.07,"1,50%","-0,48%","1,01%","6,47%",N/A,N/A,0
XPLG11,Logística,93.67,33165.0,"R$ 0,70",0.75,2.13,4.18,7.92,0.71,0.70,0.66,4.18,"-1,88%","-1,14%","-0,81%","R$ 3.082.675.354,63","R$ 113,75",0.82,"0,60%","0,44%","1,04%","6,61%","8,80%","1,20%",13
RBRD11,Híbrido,38.25,1123.0,"R$ 0,46",1.19,2.50,6.22,8.08,0.83,1.04,0.67,6.22,"-16,85%","-15,86%","-5,38%","R$ 130.471.665,38","R$ 70,46",0.54,"0,43%","-0,52%","-0,10%","0,94%","15,52%",N/A,4
JGPX11,Híbrido,98.70,1873.0,"R$ 1,15",1.17,3.69,0.00,0.00,1.23,0.00,0.00,7.10,"-0,05%","1,11%","9,32%","R$ 85.843.239,06","R$ 96,14",1.03,"1,30%","0,16%","1,46%","6,06%",N/A,N/A,0
JSAF11,Títulos e Val. Mob.,81.71,3376.0,"R$ 0,93",1.14,3.33,0.00,0.00,1.11,0.00,0.00,6.62,"-3,30%","-2,20%","5,68%","R$ 153.333.807,55","R$ 97,48",0.84,"0,95%","-0,29%","0,66%","4,76%",N/A,N/A,0
BTWR11,Lajes Corporativas,105.49,3500.0,"R$ 0,46",0.44,1.32,1.94,2.08,0.44,0.32,0.17,1.94,"0,00%","0,44%","0,52%","R$ 87.721.884,92","R$ 108,40",0.97,"0,46%","-0,22%","0,24%","1,57%","12,00%",N/A,1
RZAG11,Títulos e Val. Mob.,10.07,131850.0,"R$ 0,13",1.29,3.72,7.04,0.00,1.24,1.17,0.00,7.04,"0,90%","2,20%","9,87%","R$ 289.691.582,98","R$ 9,55",1.05,"1,32%","0,09%","1,41%","6,25%",N/A,N/A,0
RBFF11,Títulos e Val. Mob.,53.00,25206.0,"R$ 0,52",0.98,2.87,5.58,10.43,0.96,0.93,0.87,5.58,"3,90%","4,92%","1,13%","R$ 243.550.499,04","R$ 64,96",0.82,"0,77%","-0,83%","-0,06%","3,16%",N/A,N/A,0
HGLG11,Logística,164.42,29445.0,"R$ 3,30",2.01,3.34,5.32,9.69,1.11,0.89,0.81,5.32,"-0,41%","1,59%","1,89%","R$ 3.501.807.619,41","R$ 149,29",1.10,"0,74%","0,47%","1,21%","4,38%","6,90%","6,50%",17
RZTR11,Híbrido,101.20,36974.0,"R$ 1,25",1.24,3.64,7.30,13.61,1.21,1.22,1.13,7.30,"-2,27%","-1,06%","4,63%","R$ 1.077.574.252,11","R$ 98,20",1.03,"1,27%","0,00%","1,27%","4,52%",N/A,N/A,10
HGPO11,Lajes Corporativas,259.78,2155.0,"R$ 1,35",0.52,1.56,3.11,6.52,0.52,0.52,0.54,3.11,"-0,08%","0,43%","3,47%","R$ 470.185.660,24","R$ 268,21",0.97,"0,50%","0,01%","0,51%","2,59%","4,99%","2,72%",2
HGCR11,Títulos e Val. Mob.,105.48,29945.0,"R$ 1,20",1.14,3.26,6.23,11.51,1.09,1.04,0.96,6.23,"-0,51%","0,62%","6,43%","R$ 1.504.251.061,11","R$ 102,56",1.03,"1,12%","0,04%","1,16%","6,42%",N/A,N/A,0
CXCO11,Lajes Corporativas,75.49,7889.0,"R$ 0,74",0.98,2.86,5.37,9.88,0.95,0.89,0.82,5.37,"-2,15%","-1,19%","-1,98%","R$ 378.773.190,18","R$ 96,52",0.78,"0,76%","0,65%","1,42%","3,99%",N/A,N/A,0
PQDP11,Shoppings,1998.00,159.0,"R$ 21,52",1.08,2.15,4.14,8.23,0.72,0.69,0.69,3.72,"0,65%","1,74%","2,19%","R$ 800.467.303,08","R$ 3.356,58",0.60,"0,45%","-0,06%","0,38%","0,91%","3,60%",N/A,1
FIIB11,Híbrido,425.00,586.0,"R$ 3,30",0.78,2.29,4.40,8.74,0.76,0.73,0.73,3.71,"-1,93%","-1,17%","-4,52%","R$ 312.880.513,96","R$ 456,76",0.93,"0,72%","0,01%","0,73%","3,62%","6,28%",N/A,1
HGRE11,Lajes Corporativas,129.68,11317.0,"R$ 0,78",0.60,1.81,3.42,8.09,0.60,0.57,0.67,3.42,"-0,93%","-0,34%","1,26%","R$ 1.924.601.744,59","R$ 162,86",0.80,"0,48%","-1,08%","-0,61%","0,46%","27,13%","29,17%",21
URPR11,Outros,112.00,99111.0,"R$ 1,85",1.65,5.18,9.34,18.35,1.73,1.56,1.53,9.34,"0,69%","2,36%","2,14%","R$ 574.027.635,81","R$ 104,01",1.08,"1,93%","4,46%","6,48%","18,68%",N/A,N/A,0
SDIL11,Logística,87.82,8246.0,"R$ 0,76",0.87,2.53,5.09,9.87,0.84,0.85,0.82,5.09,"-4,15%","-3,32%","6,80%","R$ 638.749.928,55","R$ 99,88",0.88,"0,76%","-0,69%","0,06%","6,46%","2,60%",N/A,5
VISC11,Shoppings,101.00,24853.0,"R$ 0,70",0.69,2.06,4.11,7.71,0.69,0.69,0.64,4.11,"-0,49%","0,20%","4,70%","R$ 2.037.764.034,54","R$ 115,15",0.88,"0,61%","-0,43%","0,18%","2,16%","8,30%",N/A,15
CYCR11,Títulos e Val. Mob.,102.00,22.0,"R$ 1,15",1.13,3.80,7.24,0.00,1.27,1.21,0.00,7.24,"-1,35%","-0,24%","8,72%","R$ 72.344.443,12","R$ 97,76",1.04,"1,38%","1,70%","3,11%","9,13%",N/A,N/A,0
BICR11,Títulos e Val. Mob.,99.00,51.0,"R$ 0,61",0.62,2.66,4.65,7.82,0.89,0.78,0.65,4.65,"0,51%","1,13%","9,93%","R$ 50.085.080,06","R$ 100,17",0.99,"0,91%","0,87%","1,79%","4,58%",N/A,N/A,0
SPVJ11,Outros,N/A,N/A,"R$ 0,69",0.00,0.00,0.00,0.00,0.00,0.00,0.00,N/A,"0,00%","0,00%","0,00%","R$ 679.062.031,01","R$ 107,58",N/A,"0,61%","-0,03%","0,58%","3,05%",N/A,N/A,0
SARE11,Híbrido,67.41,29697.0,"R$ 0,70",1.04,2.68,5.32,10.16,0.89,0.89,0.85,5.32,"-8,88%","-7,93%","-1,60%","R$ 911.210.974,25","R$ 98,68",0.68,"0,63%","-0,19%","0,44%","2,64%","6,20%",N/A,3
PATL11,Híbrido,77.20,26723.0,"R$ 0,58",0.75,2.25,4.54,9.31,0.75,0.76,0.78,4.54,"-0,30%","0,45%","6,94%","R$ 489.268.515,89","R$ 98,02",0.79,"0,59%","-0,02%","0,58%","2,98%","0,00%","0,00%",4
BRCO11,Logística,98.54,23140.0,"R$ 0,77",0.78,2.05,3.98,7.55,0.68,0.66,0.63,3.98,"-1,32%","-0,55%","5,46%","R$ 1.757.794.758,42","R$ 118,94",0.83,"0,53%","0,02%","0,55%","2,31%","0,00%","0,00%",10
BARI11,Títulos e Val. Mob.,101.00,9307.0,"R$ 1,50",1.49,4.20,7.38,14.17,1.40,1.23,1.18,7.38,"0,40%","1,89%","3,60%","R$ 474.303.437,32","R$ 102,35",0.99,"1,27%","0,36%","1,63%","5,44%",N/A,N/A,0
SHPH11,Shoppings,773.02,287.0,"R$ 3,10",0.40,1.21,2.75,5.12,0.40,0.46,0.43,2.75,"2,80%","3,21%","-1,44%","R$ 541.116.717,56","R$ 888,61",0.87,"0,34%","0,14%","0,48%","1,79%","10,80%",N/A,1
RBRS11,Híbrido,58.10,5.0,"R$ 0,60",1.03,2.51,4.50,8.15,0.84,0.75,0.68,4.50,"-5,83%","-4,86%","-10,15%","R$ 138.609.258,54","R$ 92,12",0.63,"0,52%","0,05%","0,57%","0,87%",N/A,N/A,0
RNGO11,Lajes Corporativas,46.26,2884.0,"R$ 0,45",0.97,2.55,4.70,8.42,0.85,0.78,0.70,4.70,"-5,42%","-4,50%","-4,97%","R$ 234.619.574,18","R$ 87,68",0.53,"0,44%","0,06%","0,50%","2,33%","24,10%",N/A,3
LASC11,Shoppings,91.99,14880.0,"R$ 0,63",0.68,1.80,3.71,7.26,0.60,0.62,0.60,3.71,"2,21%","2,91%","6,06%","R$ 282.692.671,94","R$ 112,26",0.82,"0,33%","-0,32%","0,01%","1,51%","2,40%",N/A,3
HAAA11,Lajes Corporativas,93.99,9.0,"R$ 0,64",0.68,1.82,3.51,6.85,0.61,0.59,0.57,3.51,"-1,06%","-0,39%","1,61%","R$ 320.439.330,78","R$ 92,75",1.01,"0,58%","-0,72%","-0,14%","0,66%","17,00%",N/A,1
HFOF11,Títulos e Val. Mob.,70.01,14462.0,"R$ 0,60",0.86,2.47,4.81,9.06,0.82,0.80,0.75,4.81,"-4,42%","-3,60%","-7,03%","R$ 1.914.881.099,42","R$ 83,30",0.84,"0,72%","-1,61%","-0,90%","1,90%",N/A,N/A,0
PQAG11,Logística,57.11,13.0,"R$ 0,41",0.72,2.10,4.21,7.79,0.70,0.70,0.65,4.21,"0,32%","1,04%","5,41%","R$ 797.170.393,11","R$ 56,97",1.00,"0,72%","0,02%","0,74%","3,77%","0,00%",N/A,1
HLOG11,Logística,87.45,387.0,"R$ 0,65",0.74,2.20,4.33,8.01,0.73,0.72,0.67,4.33,"1,10%","1,85%","-1,97%","R$ 472.461.986,94","R$ 111,17",0.79,"0,58%","-0,73%","-0,15%","1,61%","58,00%","0,00%",3
VIUR11,Títulos e Val. Mob.,7.17,32201.0,"R$ 0,07",1.00,2.98,5.81,10.72,0.99,0.97,0.89,5.81,"-5,28%","-4,33%","-90,01%","R$ 256.297.429,41","R$ 9,51",0.75,"0,76%","-90,08%","-90,00%","-89,78%","0,00%",N/A,6
GALG11,Híbrido,92.44,4292.0,"R$ 0,80",0.87,2.59,5.12,9.98,0.86,0.85,0.83,5.12,"-2,66%","-1,82%","-2,63%","R$ 584.193.098,84","R$ 101,62",0.91,"0,81%","-0,58%","0,22%","2,43%","0,00%","0,00%",6
TEPP11,Lajes Corporativas,68.43,8486.0,"R$ 0,50",0.73,2.16,4.18,8.00,0.72,0.70,0.67,4.18,"-0,12%","0,61%","-2,90%","R$ 381.155.465,82","R$ 90,28",0.76,"0,55%","-0,26%","0,30%","1,32%","9,06%","18,03%",5
KISU11,Títulos e Val. Mob.,7.63,110250.0,"R$ 0,10",1.31,3.17,5.66,10.15,1.06,0.94,0.85,5.66,"2,01%","3,34%","-0,83%","R$ 397.684.224,87","R$ 9,00",0.85,"0,83%","-0,50%","0,33%","-0,71%",N/A,N/A,0
VOTS11,Títulos e Val. Mob.,89.90,142.0,"R$ 1,23",1.37,4.37,8.03,12.76,1.46,1.34,1.06,8.03,"0,30%","1,67%","15,82%","R$ 79.181.152,56","R$ 95,64",0.94,"1,46%","-2,19%","-0,76%","3,89%",N/A,N/A,0
VTLT11,Logística,89.97,2119.0,"R$ 0,83",0.92,2.71,5.39,10.01,0.90,0.90,0.83,5.39,"-3,20%","-2,30%","3,36%","R$ 217.200.401,30","R$ 102,70",0.88,"0,81%","-0,76%","0,04%","3,50%","0,00%","0,00%",1
GTWR11,Lajes Corporativas,71.20,8501.0,"R$ 0,74",1.04,3.04,5.73,10.46,1.01,0.96,0.87,5.73,"-1,79%","-0,77%","-10,63%","R$ 1.174.713.672,72","R$ 97,89",0.73,"0,76%","-0,71%","0,04%","3,16%","0,00%","0,00%",1
APTO11,Híbrido,9.96,496.0,"R$ 0,13",1.31,3.65,6.59,0.00,1.22,1.10,0.00,6.59,"-1,39%","-0,10%","5,29%","R$ 38.808.751,87","R$ 9,67",1.03,"1,24%","-0,51%","0,72%","2,93%",N/A,N/A,0
BBRC11,Outros,100.30,1777.0,"R$ 0,99",0.99,2.92,5.74,10.83,0.97,0.96,0.90,5.74,"2,19%","3,20%","5,88%","R$ 170.397.413,70","R$ 107,17",0.94,"0,91%","-0,83%","0,06%","3,94%","5,37%","1,08%",20
NVIF11B,Outros,N/A,N/A,"R$ 0,44",0.00,0.00,0.00,0.00,0.00,0.00,0.00,N/A,"0,00%","0,00%","0,00%","R$ 85.940.184,88","R$ 254,71",N/A,"0,17%","0,44%","0,61%","0,42%",N/A,N/A,0
HSRE11,Híbrido,100.00,41147.0,"R$ 0,56",0.56,1.68,3.36,7.08,0.56,0.56,0.59,3.36,"0,00%","0,56%","3,41%","R$ 827.352.123,56","R$ 97,13",1.03,"0,58%","0,03%","0,61%","2,83%","0,00%",N/A,29
BLMO11,Lajes Corporativas,24785.85,4.0,"R$ 10,27",0.04,0.17,0.00,0.00,0.06,0.00,0.00,0.26,"-0,06%","-0,02%","-4,42%","R$ 111.445.352,74","R$ 29.350,90",0.84,"0,05%","0,23%","0,28%","12,13%","0,00%",N/A,1
EURO11,Logística,217.17,165.0,"R$ 1,75",0.81,2.36,4.90,9.47,0.79,0.82,0.79,4.90,"-4,56%","-3,79%","13,45%","R$ 120.082.868,33","R$ 312,77",0.69,"0,54%","0,05%","0,59%","3,03%","0,00%",N/A,6
BBGO11,Títulos e Val. Mob.,86.88,640.0,"R$ 0,87",1.00,2.34,0.00,0.00,0.78,0.00,0.00,3.37,"1,02%","2,03%","2,89%","R$ 396.091.486,15","R$ 98,90",0.88,"0,63%","0,44%","1,07%","4,66%",N/A,N/A,0
VCRR11,Residencial,71.60,1380.0,"R$ 0,67",0.94,2.71,5.43,0.00,0.90,0.90,0.00,5.43,"-3,07%","-2,17%","-2,48%","R$ 239.575.654,97","R$ 119,79",0.60,"0,56%","0,07%","0,63%","2,96%",N/A,N/A,0
TRXF11,Outros,98.38,21382.0,"R$ 1,05",1.07,2.73,5.11,9.67,0.91,0.85,0.81,5.11,"-0,43%","0,64%","2,09%","R$ 708.147.194,50","R$ 97,75",1.01,"0,87%","-1,00%","-0,14%","0,97%","0,00%",N/A,44
CXCE11B,Outros,36.40,896.0,"R$ 0,35",0.95,2.72,5.28,11.88,0.91,0.88,0.99,5.28,"-6,71%","-5,83%","-15,55%","R$ 111.148.930,54","R$ 64,89",0.56,"0,56%","-6,73%","-6,20%","-4,07%","0,00%",N/A,1
QIRI11,Títulos e Val. Mob.,70.60,13.0,"R$ 0,71",1.01,2.80,5.15,8.84,0.93,0.86,0.74,5.15,"-1,60%","-0,61%","-17,43%","R$ 13.220.968,32","R$ 88,14",0.80,"0,78%","-0,37%","0,41%","3,98%",N/A,N/A,0
BBIM11,Títulos e Val. Mob.,N/A,N/A,"R$ 0,09",0.00,0.00,0.00,0.00,0.00,0.00,0.00,N/A,"0,00%","0,00%","0,00%","R$ 50.706.598,39","R$ 48,99",N/A,"0,51%","1,15%","1,66%","6,09%",N/A,N/A,0
CACR11,Híbrido,104.50,4837.0,"R$ 1,38",1.32,3.00,7.10,14.40,1.00,1.18,1.20,7.10,"-2,40%","-1,11%","4,36%","R$ 156.931.955,28","R$ 103,64",1.01,"0,30%","0,00%","0,30%","7,77%",N/A,N/A,0
PVBI11,Lajes Corporativas,91.80,26888.0,"R$ 0,56",0.61,1.79,3.68,7.41,0.60,0.61,0.62,3.03,"-4,18%","-3,59%","7,03%","R$ 995.275.932,69","R$ 99,14",0.93,"0,56%","-0,14%","0,42%","0,99%","0,10%",N/A,4
LVBI11,Logística,98.47,17802.0,"R$ 0,74",0.75,2.22,4.35,8.38,0.74,0.73,0.70,3.65,"-3,65%","-2,93%","3,38%","R$ 1.350.472.515,23","R$ 114,69",0.86,"0,65%","-0,08%","0,57%","1,19%","0,50%","0,00%",10
VVPR11,Híbrido,97.11,120.0,"R$ 0,79",0.81,2.41,4.91,9.55,0.80,0.82,0.80,4.09,"-0,39%","0,42%","8,24%","R$ 238.445.073,76","R$ 103,41",0.94,"0,74%","0,02%","0,76%","1,53%","0,00%",N/A,6
EVBI11,Híbrido,98.89,250.0,"R$ 0,75",0.76,2.30,4.93,8.96,0.77,0.82,0.75,3.92,"0,09%","0,85%","10,56%","R$ 137.475.328,40","R$ 98,35",1.01,"0,76%","-0,60%","0,16%","2,31%","0,00%",N/A,4
EDFO11B,Lajes Corporativas,201.02,16.0,"R$ 1,65",0.82,2.28,4.33,8.00,0.76,0.72,0.67,4.33,"-1,32%","-0,51%","-2,38%","R$ 45.277.206,52","R$ 191,85",1.05,"0,80%","0,01%","0,81%","3,17%","7,10%",N/A,1
RBHY11,Títulos e Val. Mob.,99.08,2732.0,"R$ 1,54",1.55,4.29,7.94,15.60,1.43,1.32,1.30,7.94,"-0,72%","0,82%","4,26%","R$ 185.762.734,80","R$ 98,11",1.01,"1,48%","0,20%","1,68%","7,44%",N/A,N/A,0
MFAI11,Híbrido,64.27,293.0,"R$ 0,42",0.65,1.95,6.28,11.69,0.65,1.05,0.97,6.28,"-11,35%","-10,77%","-8,76%","R$ 23.120.336,18","R$ 75,22",0.85,"0,74%","-2,50%","-1,78%","-4,44%",N/A,N/A,0
RMAI11,Lajes Corporativas,33.39,179.0,"R$ 0,26",0.78,2.33,4.78,4.78,0.78,0.80,0.40,4.78,"0,30%","1,08%","-12,45%","R$ 265.344.746,54","R$ 108,58",0.31,"0,24%","0,45%","0,69%","1,10%","23,44%",N/A,1
PLCR11,Híbrido,85.11,3192.0,"R$ 1,17",1.37,3.93,7.49,13.71,1.31,1.25,1.14,7.49,"-3,61%","-2,29%","3,60%","R$ 195.230.258,40","R$ 92,56",0.92,"1,19%","-0,09%","1,10%","4,62%",N/A,N/A,0
KNCA11,Títulos e Val. Mob.,107.61,7580.0,"R$ 1,25",1.16,3.53,0.00,0.00,1.18,0.00,0.00,5.71,"-0,82%","0,33%","3,31%","R$ 514.806.511,39","R$ 100,94",1.07,"1,43%","0,55%","1,99%","4,30%",N/A,N/A,0
MALL11,Shoppings,101.34,13955.0,"R$ 0,72",0.71,2.13,4.32,8.10,0.71,0.72,0.67,4.32,"0,10%","0,81%","9,53%","R$ 819.150.849,09","R$ 108,35",0.94,"0,66%","-0,46%","0,20%","1,11%","4,00%",N/A,8
KNHY11,Títulos e Val. Mob.,104.00,38734.0,"R$ 1,28",1.23,4.40,7.85,15.25,1.47,1.31,1.27,7.85,"-0,75%","0,47%","5,20%","R$ 1.809.753.635,54","R$ 97,87",1.06,"1,79%","-0,23%","1,56%","6,49%",N/A,N/A,0
XPSF11,Outros,7.10,112249.0,"R$ 0,07",0.99,2.87,5.56,10.70,0.96,0.93,0.89,5.56,"-0,98%","0,00%","-90,56%","R$ 375.228.449,53","R$ 8,67",0.82,"0,80%","-90,09%","-90,02%","-89,78%",N/A,N/A,0
OUJP11,Títulos e Val. Mob.,96.58,6916.0,"R$ 1,47",1.52,4.35,8.36,14.31,1.45,1.39,1.19,8.36,"1,66%","3,21%","14,77%","R$ 330.593.078,37","R$ 101,65",0.95,"1,38%","-0,14%","1,24%","7,09%",N/A,N/A,0
SPTW11,Lajes Corporativas,42.95,5071.0,"R$ 0,40",0.93,2.75,5.43,12.28,0.92,0.91,1.02,5.43,"-1,90%","-0,98%","0,06%","R$ 95.065.138,49","R$ 52,87",0.81,"0,76%","0,06%","0,81%","3,30%","0,00%",N/A,1
HOSI11,Híbrido,69.48,753.0,"R$ 0,22",0.32,1.32,2.82,6.67,0.44,0.47,0.56,2.82,"-1,49%","-1,18%","-2,10%","R$ 52.763.160,86","R$ 92,01",0.76,"0,39%","0,28%","0,68%","1,22%",N/A,N/A,2
XPCA11,Títulos e Val. Mob.,10.19,111972.0,"R$ 0,14",1.37,4.11,7.70,0.00,1.37,1.28,0.00,7.70,"1,29%","2,68%","13,88%","R$ 134.119.495,76","R$ 9,52",1.07,"1,47%","-0,26%","1,20%","6,37%",N/A,N/A,0
KFOF11,Títulos e Val. Mob.,75.92,4960.0,"R$ 0,70",0.92,2.62,5.21,9.44,0.87,0.87,0.79,5.21,"-4,72%","-3,84%","5,19%","R$ 431.804.707,84","R$ 95,25",0.80,"0,71%","-0,25%","0,46%","5,03%",N/A,N/A,0
KNRI11,Híbrido,131.48,14025.0,"R$ 0,84",0.64,1.89,3.70,7.02,0.63,0.62,0.58,3.70,"-0,84%","-0,21%","3,01%","R$ 3.795.886.422,30","R$ 157,13",0.84,"0,53%","-0,02%","0,52%","2,35%","2,00%","6,72%",20
JSRE11,Híbrido,75.83,30234.0,"R$ 0,49",0.65,1.91,3.93,7.96,0.64,0.66,0.66,3.93,"-2,53%","-1,90%","-0,87%","R$ 2.359.889.166,96","R$ 113,63",0.67,"0,43%","-0,03%","0,40%","1,87%","14,80%","13,40%",5
HGIC11,Títulos e Val. Mob.,111.99,3772.0,"R$ 1,19",1.06,2.84,5.73,10.97,0.95,0.96,0.91,5.73,"0,00%","1,06%","11,31%","R$ 31.666.498,37","R$ 113,93",0.98,"0,87%","1,54%","2,42%","10,47%",N/A,N/A,0
XPCI11,Outros,94.53,59630.0,"R$ 1,05",1.11,3.62,7.08,12.93,1.21,1.18,1.08,7.08,"-0,28%","0,82%","3,76%","R$ 842.397.396,03","R$ 96,81",0.98,"1,26%","-0,54%","0,71%","7,94%",N/A,N/A,0
JPPA11,Títulos e Val. Mob.,106.10,7675.0,"R$ 2,04",1.92,5.58,9.89,16.64,1.86,1.65,1.39,9.89,"2,12%","4,08%","20,04%","R$ 64.361.837,77","R$ 106,57",1.00,"1,88%","0,25%","2,13%","9,11%",N/A,N/A,0
HGFF11,Títulos e Val. Mob.,71.21,8490.0,"R$ 0,62",0.87,2.54,4.97,9.23,0.85,0.83,0.77,4.97,"-2,93%","-2,09%","-1,55%","R$ 256.100.841,42","R$ 89,43",0.80,"0,69%","-0,17%","0,53%","3,16%",N/A,N/A,0
HCHG11,Outros,81.98,122.0,"R$ 0,88",1.07,3.18,5.95,0.00,1.06,0.99,0.00,5.95,"-1,21%","-0,15%","-1,69%","R$ 124.082.191,95","R$ 103,40",0.79,"0,85%","0,40%","1,25%","10,58%",N/A,N/A,0
HGRU11,Híbrido,118.69,31599.0,"R$ 1,20",1.01,2.41,4.48,8.29,0.80,0.75,0.69,4.48,"0,24%","1,26%","8,11%","R$ 2.191.214.311,59","R$ 119,05",1.00,"0,69%","0,17%","0,86%","3,66%","0,00%","0,00%",17
CBOP11,Lajes Corporativas,61.08,1406.0,"R$ 1,03",1.69,3.24,5.54,13.38,1.08,0.92,1.11,5.54,"-3,05%","-1,41%","-11,47%","R$ 110.193.615,85","R$ 77,88",0.78,"0,63%","-12,81%","-12,26%","-11,52%","33,59%","30,79%",1
BBFI11B,Lajes Corporativas,1785.98,146.0,"R$ 26,66",1.49,3.98,7.69,15.13,1.33,1.28,1.26,7.69,"-7,75%","-6,37%","-15,64%","R$ 370.762.576,82","R$ 2.852,02",0.63,"1,12%","0,13%","1,25%","2,11%","39,11%",N/A,2
MXRF11,Híbrido,9.68,623461.0,"R$ 0,10",1.03,3.25,6.31,11.18,1.08,1.05,0.93,6.31,"-2,32%","-1,31%","13,26%","R$ 2.302.693.543,19","R$ 10,19",0.95,"0,98%","-0,02%","0,96%","2,22%",N/A,N/A,0
XPHT11,Hotel,107.75,11041.0,"R$ 0,46",0.43,0.82,1.87,4.61,0.27,0.31,0.38,0.82,"3,60%","4,04%","10,78%","R$ 357.825.990,77","R$ 94,05",1.15,"0,32%","-0,01%","0,31%","0,47%","64,90%",N/A,5
PLOG11,Logística,70.60,924.0,"R$ 0,75",1.06,3.11,6.33,11.75,1.04,1.05,0.98,6.33,"-3,16%","-2,13%","0,32%","R$ 75.135.829,00","R$ 100,18",0.70,"0,75%","-0,03%","0,72%","3,79%","20,40%",N/A,1
HABT11,Títulos e Val. Mob.,101.90,27996.0,"R$ 1,30",1.28,3.83,7.24,14.79,1.28,1.21,1.23,7.24,"-1,57%","-0,32%","-1,72%","R$ 738.157.916,85","R$ 99,45",1.02,"1,41%","0,76%","2,18%","8,23%",N/A,N/A,0
LUGG11,Residencial,82.00,138.0,"R$ 0,53",0.65,2.09,4.10,7.52,0.70,0.68,0.63,4.10,"-1,76%","-1,13%","-1,59%","R$ 112.508.527,31","R$ 125,01",0.66,"0,48%","0,00%","0,47%","2,39%","2,40%",N/A,4
VIFI11,Títulos e Val. Mob.,6.93,56502.0,"R$ 0,06",0.87,2.55,5.14,10.03,0.85,0.86,0.84,5.14,"-1,98%","-1,13%","-6,51%","R$ 72.445.994,24","R$ 8,96",0.77,"0,67%","-0,76%","-0,09%","-70,47%",N/A,N/A,0
JFLL11,Residencial,69.48,2739.0,"R$ 0,64",0.92,2.56,5.02,9.86,0.85,0.84,0.82,5.02,"-3,54%","-2,65%","-7,11%","R$ 150.528.092,96","R$ 100,31",0.69,"0,62%","0,06%","0,67%","3,33%","28,00%",N/A,2
ITIT11,Títulos e Val. Mob.,71.92,534.0,"R$ 0,53",0.74,2.28,4.56,8.59,0.76,0.76,0.72,4.56,"-0,01%","0,72%","4,09%","R$ 70.959.417,68","R$ 78,80",0.91,"0,69%","-1,44%","-0,76%","1,38%",N/A,N/A,0
BTSG11,Híbrido,N/A,N/A,"R$ 0,78",0.00,0.00,0.00,0.00,0.00,0.00,0.00,N/A,"0,00%","0,00%","0,00%","R$ 103.262.686,68","R$ 133,24",N/A,"0,59%","0,00%","0,59%","2,98%",N/A,N/A,0
ITIP11,Títulos e Val. Mob.,83.60,373.0,"R$ 1,08",1.29,3.69,7.22,13.54,1.23,1.20,1.13,7.22,"-3,91%","-2,67%","10,47%","R$ 65.492.720,72","R$ 87,54",0.95,"1,17%","0,19%","1,36%","4,11%",N/A,N/A,0
TGAR11,Outros,115.60,26536.0,"R$ 1,57",1.36,3.85,7.00,12.57,1.28,1.17,1.05,7.00,"-2,36%","-1,04%","0,91%","R$ 1.420.685.727,96","R$ 125,62",0.92,"1,22%","-1,86%","-0,67%","0,40%",N/A,N/A,0
LGCP11,Logística,79.24,59460.0,"R$ 0,62",0.78,2.31,4.55,8.47,0.77,0.76,0.71,4.55,"2,25%","3,05%","0,87%","R$ 279.002.316,82","R$ 102,09",0.78,"0,59%","0,01%","0,60%","3,01%","0,50%",N/A,5
ABCP11,Shoppings,69.70,530.0,"R$ 0,54",0.77,2.47,4.77,9.08,0.82,0.79,0.76,4.77,"-3,86%","-3,12%","-1,34%","R$ 1.120.247.855,81","R$ 91,79",0.76,"0,64%","-0,04%","0,61%","3,33%","7,50%",N/A,1
NEWL11,Híbrido,93.00,12482.0,"R$ 1,70",1.83,3.47,5.83,10.96,1.16,0.97,0.91,5.83,"-2,07%","-0,28%","-3,67%","R$ 237.060.611,85","R$ 116,60",0.80,"0,69%","0,13%","0,82%","4,21%","0,00%",N/A,2
VINO11,Lajes Corporativas,44.13,17802.0,"R$ 0,34",0.77,2.13,4.22,9.80,0.71,0.70,0.82,4.22,"-9,90%","-9,21%","-10,89%","R$ 898.058.411,59","R$ 54,21",0.81,"0,63%","-0,71%","-0,09%","0,91%","4,20%",N/A,9
VILG11,Logística,95.51,19907.0,"R$ 0,71",0.74,2.14,4.22,7.97,0.71,0.70,0.66,4.22,"-3,77%","-3,05%","-2,82%","R$ 1.702.339.010,34","R$ 113,51",0.84,"0,62%","-0,09%","0,53%","2,73%","0,00%",N/A,16
HUSC11,Outros,102.50,32.0,"R$ 1,00",0.98,2.93,4.31,7.92,0.98,0.72,0.66,4.31,"7,02%","8,06%","-4,67%","R$ 113.579.867,97","R$ 142,94",0.72,"0,67%","-0,02%","0,66%","2,06%",N/A,N/A,0
SADI11,Títulos e Val. Mob.,91.27,13701.0,"R$ 1,06",1.16,3.30,6.18,9.89,1.10,1.03,0.82,6.18,"-0,79%","0,36%","7,96%","R$ 321.097.673,90","R$ 100,97",0.90,"1,05%","0,20%","1,25%","5,06%",N/A,N/A,0
RBED11,Outros,117.90,2152.0,"R$ 1,18",1.00,2.89,5.65,10.40,0.96,0.94,0.87,5.65,"-2,95%","-1,98%","3,93%","R$ 286.633.457,39","R$ 141,78",0.83,"0,82%","0,04%","0,86%","4,26%","0,00%",N/A,5
HSML11,Shoppings,77.99,25884.0,"R$ 0,65",0.83,2.35,4.59,8.49,0.78,0.77,0.71,4.59,"-3,13%","-2,32%","7,14%","R$ 1.470.237.699,26","R$ 93,17",0.84,"0,67%","-0,63%","0,03%","1,62%","4,50%",N/A,5
ARRI11,Títulos e Val. Mob.,97.00,7460.0,"R$ 1,18",1.22,3.98,7.93,15.53,1.33,1.32,1.29,7.93,"0,83%","2,06%","4,34%","R$ 106.085.819,56","R$ 93,55",1.04,"1,37%","-0,60%","0,76%","6,99%",N/A,N/A,0
FVPQ11,Shoppings,115.34,303.0,"R$ 0,75",0.65,1.88,4.19,7.07,0.63,0.70,0.59,4.19,"-1,70%","-1,06%","18,19%","R$ 555.123.785,59","R$ 198,25",0.58,"0,38%","-0,03%","0,35%","2,09%","5,50%",N/A,1
XPCM11,Lajes Corporativas,15.00,5033.0,"R$ 0,16",1.07,3.19,5.95,10.37,1.06,0.99,0.86,5.95,"-8,76%","-7,79%","-16,81%","R$ 129.112.080,33","R$ 53,47",0.28,"0,34%","-0,57%","-0,24%","-0,69%","100,00%",N/A,1
RBVA11,Outros,90.59,10363.0,"R$ 1,10",1.21,3.13,5.98,11.09,1.04,1.00,0.92,5.98,"-2,31%","-1,12%","-2,58%","R$ 1.193.288.764,70","R$ 102,97",0.88,"0,89%","0,00%","0,89%","4,42%","0,70%",N/A,72
FIIP11B,Logística,154.11,507.0,"R$ 1,29",0.84,2.46,4.81,9.18,0.82,0.80,0.77,4.81,"-0,57%","0,26%","-1,42%","R$ 186.038.544,78","R$ 200,65",0.77,"0,64%","0,09%","0,73%","3,36%","0,00%",N/A,7
FIGS11,Shoppings,47.37,11161.0,"R$ 0,40",0.84,2.29,4.33,7.61,0.76,0.72,0.63,4.33,"-6,57%","-5,78%","-10,01%","R$ 283.406.000,40","R$ 99,44",0.48,"0,37%","-0,01%","0,36%","1,68%","13,70%",N/A,2
WPLZ11,Shoppings,71.99,117.0,"R$ 0,40",0.56,1.38,2.56,4.17,0.46,0.43,0.35,2.56,"1,55%","2,12%","2,94%","R$ 104.841.901,37","R$ 102,71",0.70,"0,29%","-0,13%","0,16%","1,46%","11,00%",N/A,1
HGBS11,Shoppings,173.24,7860.0,"R$ 1,40",0.81,2.18,4.20,7.12,0.73,0.70,0.59,4.20,"-3,52%","-2,74%","8,17%","R$ 2.165.192.006,43","R$ 216,52",0.80,"0,58%","0,14%","0,72%","3,43%","6,50%",N/A,17
HREC11,Títulos e Val. Mob.,96.45,13.0,"R$ 1,40",1.45,3.82,6.65,11.68,1.27,1.11,0.97,6.65,"-1,43%","0,00%","7,37%","R$ 432.274.986,83","R$ 92,83",1.04,"1,40%","0,16%","1,56%","6,59%",N/A,N/A,0
HPDP11,Shoppings,82.46,1.0,"R$ 0,45",0.55,1.63,3.26,6.10,0.54,0.54,0.51,3.26,"-1,82%","-1,29%","2,03%","R$ 275.728.285,78","R$ 94,79",0.87,"0,47%","0,01%","0,49%","2,41%","2,00%",N/A,1
STRX11,Híbrido,N/A,N/A,"R$ 0,76",0.00,0.00,0.00,0.00,0.00,0.00,0.00,N/A,"0,00%","0,00%","0,00%","R$ 226.972.347,85","R$ 140,67",N/A,"0,52%","0,04%","0,56%","2,46%",N/A,N/A,0
PLRI11,Títulos e Val. Mob.,32.00,211.0,"R$ 0,12",0.38,1.52,7.80,10.77,0.51,1.30,0.90,7.80,"-8,57%","-8,22%","-9,03%","R$ 37.217.103,19","R$ 39,00",0.82,"0,53%","-1,58%","-1,06%","-0,98%",N/A,N/A,0
IDFI11,Híbrido,82.40,195.0,"R$ 1,81",2.20,5.01,8.89,0.00,1.67,1.48,0.00,8.89,"-5,16%","-3,07%","-11,72%","R$ 180.214.602,95","R$ 87,57",0.94,"1,48%","-7,89%","-6,53%","-10,00%",N/A,N/A,0
PORD11,Títulos e Val. Mob.,97.47,8205.0,"R$ 1,72",1.76,4.83,8.54,14.59,1.61,1.42,1.22,8.54,"0,98%","2,77%","13,51%","R$ 369.859.708,13","R$ 99,20",0.98,"1,42%","0,03%","1,45%","4,92%",N/A,N/A,0
BCIA11,Títulos e Val. Mob.,82.92,5063.0,"R$ 0,74",0.89,2.61,4.98,9.42,0.87,0.83,0.79,4.98,"-1,29%","-0,40%","0,60%","R$ 389.494.590,19","R$ 104,73",0.79,"0,71%","-0,17%","0,53%","3,82%",N/A,N/A,0
VSHO11,Shoppings,78.96,374.0,"R$ 0,63",0.80,2.42,4.61,9.17,0.81,0.77,0.76,4.61,"-1,30%","-0,51%","5,32%","R$ 213.265.274,29","R$ 101,61",0.78,"0,68%","-0,75%","-0,08%","2,65%","12,96%",N/A,3
RDPD11,Títulos e Val. Mob.,52.99,11.0,"R$ 0,50",0.94,3.42,6.54,11.17,1.14,1.09,0.93,6.54,"-5,04%","-4,14%","-0,43%","R$ 63.680.942,27","R$ 59,07",0.90,"0,95%","-1,31%","-0,38%","5,05%",N/A,N/A,0
BNFS11,Outros,117.48,3231.0,"R$ 1,41",1.20,3.59,6.64,12.42,1.20,1.11,1.04,6.64,"-2,01%","-0,83%","-1,11%","R$ 69.417.286,55","R$ 99,17",1.18,"1,43%","0,01%","1,44%","5,44%","0,00%",N/A,18
BBPO11,Lajes Corporativas,80.25,14848.0,"R$ 0,89",1.11,3.21,6.14,11.54,1.07,1.02,0.96,6.14,"-4,18%","-3,12%","-9,10%","R$ 1.512.931.778,94","R$ 95,04",0.84,"0,94%","-0,90%","0,03%","3,87%","0,00%","0,00%",64
RNDP11,Títulos e Val. Mob.,301.64,55.0,"R$ 3,58",1.19,3.31,5.69,9.37,1.10,0.95,0.78,5.69,"-19,56%","-18,61%","-46,79%","R$ 50.536.041,45","R$ 470,19",0.64,"0,80%","-0,90%","-0,11%","-27,63%",N/A,N/A,0
AIEC11,Lajes Corporativas,76.49,15845.0,"R$ 0,80",1.05,2.84,6.07,10.82,0.95,1.01,0.90,6.07,"-4,74%","-3,75%","3,63%","R$ 489.073.625,01","R$ 101,36",0.75,"0,71%","0,12%","0,83%","3,49%","0,00%",N/A,2
PATC11,Lajes Corporativas,67.71,2493.0,"R$ 0,32",0.47,1.41,2.78,5.61,0.47,0.46,0.47,2.78,"-1,15%","-0,69%","6,36%","R$ 303.082.185,17","R$ 87,16",0.78,"0,37%","0,11%","0,47%","2,86%","21,90%","18,90%",6
HSLG11,Logística,83.99,12071.0,"R$ 0,65",0.77,2.24,4.35,8.19,0.75,0.72,0.68,4.35,"-2,51%","-1,75%","-2,38%","R$ 1.401.752.936,38","R$ 110,72",0.76,"0,59%","-0,08%","0,50%","2,58%","1,10%",N/A,5
FPAB11,Lajes Corporativas,197.06,26.0,"R$ 1,60",0.81,2.31,4.35,7.80,0.77,0.72,0.65,4.35,"-7,01%","-6,26%","-6,50%","R$ 307.513.373,89","R$ 410,02",0.48,"0,40%","0,00%","0,40%","1,98%","33,79%",N/A,1
RBVO11,Outros,11.40,1712.0,"R$ 0,04",0.37,0.78,1.84,3.88,0.26,0.31,0.32,1.84,"-8,14%","-7,80%","-5,59%","R$ 12.231.697,36","R$ 23,71",0.48,"0,04%","1,31%","1,35%","4,85%",N/A,N/A,0
VLOL11,Lajes Corporativas,98.53,5313.0,"R$ 0,53",0.54,1.79,3.45,6.42,0.60,0.57,0.54,3.45,"0,32%","0,86%","9,09%","R$ 184.805.807,65","R$ 103,54",0.95,"0,60%","0,00%","0,60%","2,23%","0,00%",N/A,1
BCRI11,Títulos e Val. Mob.,109.63,8629.0,"R$ 1,47",1.34,3.85,7.29,13.61,1.28,1.21,1.13,7.29,"0,58%","1,93%","6,18%","R$ 670.869.079,01","R$ 107,20",1.02,"1,35%","0,81%","2,17%","5,51%",N/A,N/A,0
BBFO11,Títulos e Val. Mob.,70.40,3460.0,"R$ 0,88",1.25,3.42,6.51,11.45,1.14,1.09,0.95,6.51,"-4,86%","-3,68%","3,52%","R$ 341.845.140,55","R$ 85,38",0.82,"0,97%","-0,38%","0,59%","3,06%",N/A,N/A,0
HBRH11,Híbrido,82.80,102.0,"R$ 0,65",0.79,2.43,5.08,10.56,0.81,0.85,0.88,5.08,"-2,52%","-1,75%","-3,76%","R$ 313.449.092,21","R$ 113,07",0.73,"0,59%","-0,10%","0,48%","3,72%",N/A,N/A,3
RFOF11,Títulos e Val. Mob.,70.85,1017.0,"R$ 0,69",0.97,2.86,5.59,10.55,0.95,0.93,0.88,5.59,"0,44%","1,42%","1,78%","R$ 90.726.897,87","R$ 84,15",0.84,"0,80%","-0,62%","0,17%","0,41%",N/A,N/A,0
HSAF11,Títulos e Val. Mob.,94.59,1560.0,"R$ 1,25",1.32,3.84,7.40,13.64,1.28,1.23,1.14,7.40,"-0,66%","0,65%","7,45%","R$ 168.525.677,28","R$ 95,02",1.00,"1,32%","0,07%","1,39%","5,68%",N/A,N/A,0
RRCI11,Títulos e Val. Mob.,89.93,1516.0,"R$ 1,30",1.45,4.39,8.54,14.94,1.46,1.42,1.24,8.54,"-1,50%","-0,08%","14,21%","R$ 47.284.328,37","R$ 98,15",0.92,"1,43%","0,05%","1,48%","7,48%",N/A,N/A,0
CXCI11,N/A,77.00,983.0,"R$ 0,80",1.04,0.00,0.00,0.00,0.00,0.00,0.00,2.79,"-1,56%","-0,54%","-10,02%","R$ 200.991.074,86","R$ 97,68",0.79,"0,72%","-0,07%","0,65%","0,96%",N/A,N/A,0
VCJR11,Títulos e Val. Mob.,101.29,9494.0,"R$ 1,30",1.28,4.57,8.11,15.74,1.52,1.35,1.31,8.11,"3,24%","4,57%","12,03%","R$ 1.390.944.337,65","R$ 94,47",1.07,"1,85%","-0,25%","1,60%","7,41%",N/A,N/A,0
